year,month,collisions,date,trend,month_num,month_sin,month_cos,lag_1,lag_2,lag_3,lag_6,lag_12,rolling_mean_3,rolling_mean_6,rolling_mean_12
2006,1,522.0,2006-01-01,12,1,0.49999999999999994,0.8660254037844387,582.0,603.0,604.0,572.0,473.0,596.3333333333334,581.1666666666666,544.4166666666666
2006,2,406.0,2006-02-01,13,2,0.8660254037844386,0.5000000000000001,522.0,582.0,603.0,558.0,461.0,569.0,572.8333333333334,548.5
2006,3,467.0,2006-03-01,14,3,1.0,6.123233995736766e-17,406.0,522.0,582.0,568.0,498.0,503.3333333333333,547.5,543.9166666666666
2006,4,402.0,2006-04-01,15,4,0.8660254037844387,-0.4999999999999998,467.0,406.0,522.0,604.0,529.0,465.0,530.6666666666666,541.3333333333334
2006,5,487.0,2006-05-01,16,5,0.49999999999999994,-0.8660254037844387,402.0,467.0,406.0,603.0,561.0,425.0,497.0,530.75
2006,6,471.0,2006-06-01,17,6,1.2246467991473532e-16,-1.0,487.0,402.0,467.0,582.0,524.0,452.0,477.6666666666667,524.5833333333334
2006,7,512.0,2006-07-01,18,7,-0.4999999999999997,-0.8660254037844388,471.0,487.0,402.0,522.0,572.0,453.3333333333333,459.1666666666667,520.1666666666666
2006,8,523.0,2006-08-01,19,8,-0.8660254037844384,-0.5000000000000004,512.0,471.0,487.0,406.0,558.0,490.0,457.5,515.1666666666666
2006,9,518.0,2006-09-01,20,9,-1.0,-1.8369701987210297e-16,523.0,512.0,471.0,467.0,568.0,502.0,477.0,512.25
2006,10,562.0,2006-10-01,21,10,-0.8660254037844386,0.5000000000000001,518.0,523.0,512.0,402.0,604.0,517.6666666666666,485.5,508.0833333333333
2006,11,538.0,2006-11-01,22,11,-0.5000000000000004,0.8660254037844384,562.0,518.0,523.0,487.0,603.0,534.3333333333334,512.1666666666666,504.5833333333333
2006,12,610.0,2006-12-01,23,12,-2.4492935982947064e-16,1.0,538.0,562.0,518.0,471.0,582.0,539.3333333333334,520.6666666666666,499.1666666666667
2007,1,459.0,2007-01-01,24,1,0.49999999999999994,0.8660254037844387,610.0,538.0,562.0,512.0,522.0,570.0,543.8333333333334,501.5
2007,2,421.0,2007-02-01,25,2,0.8660254037844386,0.5000000000000001,459.0,610.0,538.0,523.0,406.0,535.6666666666666,535.0,496.25
2007,3,470.0,2007-03-01,26,3,1.0,6.123233995736766e-17,421.0,459.0,610.0,518.0,467.0,496.6666666666667,518.0,497.5
2007,4,386.0,2007-04-01,27,4,0.8660254037844387,-0.4999999999999998,470.0,421.0,459.0,562.0,402.0,450.0,510.0,497.75
2007,5,442.0,2007-05-01,28,5,0.49999999999999994,-0.8660254037844387,386.0,470.0,421.0,538.0,487.0,425.6666666666667,480.6666666666667,496.4166666666667
2007,6,448.0,2007-06-01,29,6,1.2246467991473532e-16,-1.0,442.0,386.0,470.0,610.0,471.0,432.6666666666667,464.6666666666667,492.6666666666667
2007,7,501.0,2007-07-01,30,7,-0.4999999999999997,-0.8660254037844388,448.0,442.0,386.0,459.0,512.0,425.3333333333333,437.6666666666667,490.75
2007,8,486.0,2007-08-01,31,8,-0.8660254037844384,-0.5000000000000004,501.0,448.0,442.0,421.0,523.0,463.6666666666667,444.6666666666667,489.8333333333333
2007,9,456.0,2007-09-01,32,9,-1.0,-1.8369701987210297e-16,486.0,501.0,448.0,470.0,518.0,478.3333333333333,455.5,486.75
2007,10,475.0,2007-10-01,33,10,-0.8660254037844386,0.5000000000000001,456.0,486.0,501.0,386.0,562.0,481.0,453.1666666666667,481.5833333333333
2007,11,469.0,2007-11-01,34,11,-0.5000000000000004,0.8660254037844384,475.0,456.0,486.0,442.0,538.0,472.3333333333333,468.0,474.3333333333333
2007,12,454.0,2007-12-01,35,12,-2.4492935982947064e-16,1.0,469.0,475.0,456.0,448.0,610.0,466.6666666666667,472.5,468.5833333333333
2008,1,569.0,2008-01-01,36,1,0.49999999999999994,0.8660254037844387,454.0,469.0,475.0,501.0,459.0,466.0,473.5,455.5833333333333
2008,2,590.0,2008-02-01,37,2,0.8660254037844386,0.5000000000000001,569.0,454.0,469.0,486.0,421.0,497.3333333333333,484.8333333333333,464.75
2008,3,553.0,2008-03-01,38,3,1.0,6.123233995736766e-17,590.0,569.0,454.0,456.0,470.0,537.6666666666666,502.1666666666667,478.8333333333333
2008,4,537.0,2008-04-01,39,4,0.8660254037844387,-0.4999999999999998,553.0,590.0,569.0,475.0,386.0,570.6666666666666,518.3333333333334,485.75
2008,5,590.0,2008-05-01,40,5,0.49999999999999994,-0.8660254037844387,537.0,553.0,590.0,469.0,442.0,560.0,528.6666666666666,498.3333333333333
2008,6,531.0,2008-06-01,41,6,1.2246467991473532e-16,-1.0,590.0,537.0,553.0,454.0,448.0,560.0,548.8333333333334,510.6666666666667
2008,7,525.0,2008-07-01,42,7,-0.4999999999999997,-0.8660254037844388,531.0,590.0,537.0,569.0,501.0,552.6666666666666,561.6666666666666,517.5833333333334
2008,8,508.0,2008-08-01,43,8,-0.8660254037844384,-0.5000000000000004,525.0,531.0,590.0,590.0,486.0,548.6666666666666,554.3333333333334,519.5833333333334
2008,9,561.0,2008-09-01,44,9,-1.0,-1.8369701987210297e-16,508.0,525.0,531.0,553.0,456.0,521.3333333333334,540.6666666666666,521.4166666666666
2008,10,579.0,2008-10-01,45,10,-0.8660254037844386,0.5000000000000001,561.0,508.0,525.0,537.0,475.0,531.3333333333334,542.0,530.1666666666666
2008,11,605.0,2008-11-01,46,11,-0.5000000000000004,0.8660254037844384,579.0,561.0,508.0,590.0,469.0,549.3333333333334,549.0,538.8333333333334
2008,12,588.0,2008-12-01,47,12,-2.4492935982947064e-16,1.0,605.0,579.0,561.0,531.0,454.0,581.6666666666666,551.5,550.1666666666666
2009,1,565.0,2009-01-01,48,1,0.49999999999999994,0.8660254037844387,588.0,605.0,579.0,525.0,569.0,590.6666666666666,561.0,561.3333333333334
2009,2,433.0,2009-02-01,49,2,0.8660254037844386,0.5000000000000001,565.0,588.0,605.0,508.0,590.0,586.0,567.6666666666666,561.0
2009,3,493.0,2009-03-01,50,3,1.0,6.123233995736766e-17,433.0,565.0,588.0,561.0,553.0,528.6666666666666,555.1666666666666,547.9166666666666
2009,4,536.0,2009-04-01,51,4,0.8660254037844387,-0.4999999999999998,493.0,433.0,565.0,579.0,537.0,497.0,543.8333333333334,542.9166666666666
2009,5,583.0,2009-05-01,52,5,0.49999999999999994,-0.8660254037844387,536.0,493.0,433.0,605.0,590.0,487.3333333333333,536.6666666666666,542.8333333333334
2009,6,534.0,2009-06-01,53,6,1.2246467991473532e-16,-1.0,583.0,536.0,493.0,588.0,531.0,537.3333333333334,533.0,542.25
2009,7,628.0,2009-07-01,54,7,-0.4999999999999997,-0.8660254037844388,534.0,583.0,536.0,565.0,525.0,551.0,524.0,542.5
2009,8,591.0,2009-08-01,55,8,-0.8660254037844384,-0.5000000000000004,628.0,534.0,583.0,433.0,508.0,581.6666666666666,534.5,551.0833333333334
2009,9,534.0,2009-09-01,56,9,-1.0,-1.8369701987210297e-16,591.0,628.0,534.0,493.0,561.0,584.3333333333334,560.8333333333334,558.0
2009,10,582.0,2009-10-01,57,10,-0.8660254037844386,0.5000000000000001,534.0,591.0,628.0,536.0,579.0,584.3333333333334,567.6666666666666,555.75
2009,11,582.0,2009-11-01,58,11,-0.5000000000000004,0.8660254037844384,582.0,534.0,591.0,583.0,605.0,569.0,575.3333333333334,556.0
2009,12,554.0,2009-12-01,59,12,-2.4492935982947064e-16,1.0,582.0,582.0,534.0,534.0,588.0,566.0,575.1666666666666,554.0833333333334
2010,1,419.0,2010-01-01,60,1,0.49999999999999994,0.8660254037844387,554.0,582.0,582.0,628.0,565.0,572.6666666666666,578.5,551.25
2010,2,431.0,2010-02-01,61,2,0.8660254037844386,0.5000000000000001,419.0,554.0,582.0,591.0,433.0,518.3333333333334,543.6666666666666,539.0833333333334
2010,3,486.0,2010-03-01,62,3,1.0,6.123233995736766e-17,431.0,419.0,554.0,534.0,493.0,468.0,517.0,538.9166666666666
2010,4,471.0,2010-04-01,63,4,0.8660254037844387,-0.4999999999999998,486.0,431.0,419.0,582.0,536.0,445.3333333333333,509.0,538.3333333333334
2010,5,527.0,2010-05-01,64,5,0.49999999999999994,-0.8660254037844387,471.0,486.0,431.0,582.0,583.0,462.6666666666667,490.5,532.9166666666666
2010,6,474.0,2010-06-01,65,6,1.2246467991473532e-16,-1.0,527.0,471.0,486.0,554.0,534.0,494.6666666666667,481.3333333333333,528.25
2010,7,522.0,2010-07-01,66,7,-0.4999999999999997,-0.8660254037844388,474.0,527.0,471.0,419.0,628.0,490.6666666666667,468.0,523.25
2010,8,508.0,2010-08-01,67,8,-0.8660254037844384,-0.5000000000000004,522.0,474.0,527.0,431.0,591.0,507.6666666666667,485.1666666666667,514.4166666666666
2010,9,531.0,2010-09-01,68,9,-1.0,-1.8369701987210297e-16,508.0,522.0,474.0,486.0,534.0,501.3333333333333,498.0,507.5
2010,10,600.0,2010-10-01,69,10,-0.8660254037844386,0.5000000000000001,531.0,508.0,522.0,471.0,582.0,520.3333333333334,505.5,507.25
2010,11,508.0,2010-11-01,70,11,-0.5000000000000004,0.8660254037844384,600.0,531.0,508.0,527.0,582.0,546.3333333333334,527.0,508.75
2010,12,303.0,2010-12-01,71,12,-2.4492935982947064e-16,1.0,508.0,600.0,531.0,474.0,554.0,546.3333333333334,523.8333333333334,502.5833333333333
2011,1,427.0,2011-01-01,72,1,0.49999999999999994,0.8660254037844387,303.0,508.0,600.0,522.0,419.0,470.3333333333333,495.3333333333333,481.6666666666667
2011,2,405.0,2011-02-01,73,2,0.8660254037844386,0.5000000000000001,427.0,303.0,508.0,508.0,431.0,412.6666666666667,479.5,482.3333333333333
2011,3,421.0,2011-03-01,74,3,1.0,6.123233995736766e-17,405.0,427.0,303.0,531.0,486.0,378.3333333333333,462.3333333333333,480.1666666666667
2011,4,381.0,2011-04-01,75,4,0.8660254037844387,-0.4999999999999998,421.0,405.0,427.0,600.0,471.0,417.6666666666667,444.0,474.75
2011,5,368.0,2011-05-01,76,5,0.49999999999999994,-0.8660254037844387,381.0,421.0,405.0,508.0,527.0,402.3333333333333,407.5,467.25
2011,6,465.0,2011-06-01,77,6,1.2246467991473532e-16,-1.0,368.0,381.0,421.0,303.0,474.0,390.0,384.1666666666667,454.0
2011,7,461.0,2011-07-01,78,7,-0.4999999999999997,-0.8660254037844388,465.0,368.0,381.0,427.0,522.0,404.6666666666667,411.1666666666667,453.25
2011,8,482.0,2011-08-01,79,8,-0.8660254037844384,-0.5000000000000004,461.0,465.0,368.0,405.0,508.0,431.3333333333333,416.8333333333333,448.1666666666667
2011,9,456.0,2011-09-01,80,9,-1.0,-1.8369701987210297e-16,482.0,461.0,465.0,421.0,531.0,469.3333333333333,429.6666666666667,446.0
2011,10,482.0,2011-10-01,81,10,-0.8660254037844386,0.5000000000000001,456.0,482.0,461.0,381.0,600.0,466.3333333333333,435.5,439.75
2011,11,473.0,2011-11-01,82,11,-0.5000000000000004,0.8660254037844384,482.0,456.0,482.0,368.0,508.0,473.3333333333333,452.3333333333333,429.9166666666667
2011,12,409.0,2011-12-01,83,12,-2.4492935982947064e-16,1.0,473.0,482.0,456.0,465.0,303.0,470.3333333333333,469.8333333333333,427.0
2012,1,457.0,2012-01-01,84,1,0.49999999999999994,0.8660254037844387,409.0,473.0,482.0,461.0,427.0,454.6666666666667,460.5,435.8333333333333
2012,2,409.0,2012-02-01,85,2,0.8660254037844386,0.5000000000000001,457.0,409.0,473.0,482.0,405.0,446.3333333333333,459.8333333333333,438.3333333333333
2012,3,489.0,2012-03-01,86,3,1.0,6.123233995736766e-17,409.0,457.0,409.0,456.0,421.0,425.0,447.6666666666667,438.6666666666667
2012,4,471.0,2012-04-01,87,4,0.8660254037844387,-0.4999999999999998,489.0,409.0,457.0,482.0,381.0,451.6666666666667,453.1666666666667,444.3333333333333
2012,5,454.0,2012-05-01,88,5,0.49999999999999994,-0.8660254037844387,471.0,489.0,409.0,473.0,368.0,456.3333333333333,451.3333333333333,451.8333333333333
2012,6,470.0,2012-06-01,89,6,1.2246467991473532e-16,-1.0,454.0,471.0,489.0,409.0,465.0,471.3333333333333,448.1666666666667,459.0
2012,7,475.0,2012-07-01,90,7,-0.4999999999999997,-0.8660254037844388,470.0,454.0,471.0,457.0,461.0,465.0,458.3333333333333,459.4166666666667
2012,8,472.0,2012-08-01,91,8,-0.8660254037844384,-0.5000000000000004,475.0,470.0,454.0,409.0,482.0,466.3333333333333,461.3333333333333,460.5833333333333
2012,9,479.0,2012-09-01,92,9,-1.0,-1.8369701987210297e-16,472.0,475.0,470.0,489.0,456.0,472.3333333333333,471.8333333333333,459.75
2012,10,500.0,2012-10-01,93,10,-0.8660254037844386,0.5000000000000001,479.0,472.0,475.0,471.0,482.0,475.3333333333333,470.1666666666667,461.6666666666667
2012,11,476.0,2012-11-01,94,11,-0.5000000000000004,0.8660254037844384,500.0,479.0,472.0,454.0,473.0,483.6666666666667,475.0,463.1666666666667
2012,12,458.0,2012-12-01,95,12,-2.4492935982947064e-16,1.0,476.0,500.0,479.0,470.0,409.0,485.0,478.6666666666667,463.4166666666667
2013,1,445.0,2013-01-01,96,1,0.49999999999999994,0.8660254037844387,458.0,476.0,500.0,475.0,457.0,478.0,476.6666666666667,467.5
2013,2,354.0,2013-02-01,97,2,0.8660254037844386,0.5000000000000001,445.0,458.0,476.0,472.0,409.0,459.6666666666667,471.6666666666667,466.5
2013,3,363.0,2013-03-01,98,3,1.0,6.123233995736766e-17,354.0,445.0,458.0,479.0,489.0,419.0,452.0,461.9166666666667
2013,4,340.0,2013-04-01,99,4,0.8660254037844387,-0.4999999999999998,363.0,354.0,445.0,500.0,471.0,387.3333333333333,432.6666666666667,451.4166666666667
2013,5,391.0,2013-05-01,100,5,0.49999999999999994,-0.8660254037844387,340.0,363.0,354.0,476.0,454.0,352.3333333333333,406.0,440.5
2013,6,421.0,2013-06-01,101,6,1.2246467991473532e-16,-1.0,391.0,340.0,363.0,458.0,470.0,364.6666666666667,391.8333333333333,435.25
2013,7,464.0,2013-07-01,102,7,-0.4999999999999997,-0.8660254037844388,421.0,391.0,340.0,445.0,475.0,384.0,385.6666666666667,431.1666666666667
2013,8,415.0,2013-08-01,103,8,-0.8660254037844384,-0.5000000000000004,464.0,421.0,391.0,354.0,472.0,425.3333333333333,388.8333333333333,430.25
2013,9,435.0,2013-09-01,104,9,-1.0,-1.8369701987210297e-16,415.0,464.0,421.0,363.0,479.0,433.3333333333333,399.0,425.5
2013,10,468.0,2013-10-01,105,10,-0.8660254037844386,0.5000000000000001,435.0,415.0,464.0,340.0,500.0,438.0,411.0,421.8333333333333
2013,11,435.0,2013-11-01,106,11,-0.5000000000000004,0.8660254037844384,468.0,435.0,415.0,391.0,476.0,439.3333333333333,432.3333333333333,419.1666666666667
2013,12,445.0,2013-12-01,107,12,-2.4492935982947064e-16,1.0,435.0,468.0,435.0,421.0,458.0,446.0,439.6666666666667,415.75
2014,1,445.0,2014-01-01,108,1,0.49999999999999994,0.8660254037844387,445.0,435.0,468.0,464.0,445.0,449.3333333333333,443.6666666666667,414.6666666666667
2014,2,410.0,2014-02-01,109,2,0.8660254037844386,0.5000000000000001,445.0,445.0,435.0,415.0,354.0,441.6666666666667,440.5,414.6666666666667
2014,3,421.0,2014-03-01,110,3,1.0,6.123233995736766e-17,410.0,445.0,445.0,435.0,363.0,433.3333333333333,439.6666666666667,419.3333333333333
2014,4,456.0,2014-04-01,111,4,0.8660254037844387,-0.4999999999999998,421.0,410.0,445.0,468.0,340.0,425.3333333333333,437.3333333333333,424.1666666666667
2014,5,470.0,2014-05-01,112,5,0.49999999999999994,-0.8660254037844387,456.0,421.0,410.0,435.0,391.0,429.0,435.3333333333333,433.8333333333333
2014,6,480.0,2014-06-01,113,6,1.2246467991473532e-16,-1.0,470.0,456.0,421.0,445.0,421.0,449.0,441.1666666666667,440.4166666666667
2014,7,486.0,2014-07-01,114,7,-0.4999999999999997,-0.8660254037844388,480.0,470.0,456.0,445.0,464.0,468.6666666666667,447.0,445.3333333333333
2014,8,494.0,2014-08-01,115,8,-0.8660254037844384,-0.5000000000000004,486.0,480.0,470.0,410.0,415.0,478.6666666666667,453.8333333333333,447.1666666666667
2014,9,507.0,2014-09-01,116,9,-1.0,-1.8369701987210297e-16,494.0,486.0,480.0,421.0,435.0,486.6666666666667,467.8333333333333,453.75
2014,10,519.0,2014-10-01,117,10,-0.8660254037844386,0.5000000000000001,507.0,494.0,486.0,456.0,468.0,495.6666666666667,482.1666666666667,459.75
2014,11,587.0,2014-11-01,118,11,-0.5000000000000004,0.8660254037844384,519.0,507.0,494.0,470.0,435.0,506.6666666666667,492.6666666666667,464.0
2014,12,521.0,2014-12-01,119,12,-2.4492935982947064e-16,1.0,587.0,519.0,507.0,480.0,445.0,537.6666666666666,512.1666666666666,476.6666666666667
2015,1,487.0,2015-01-01,120,1,0.49999999999999994,0.8660254037844387,521.0,587.0,519.0,486.0,445.0,542.3333333333334,519.0,483.0
2015,2,430.0,2015-02-01,121,2,0.8660254037844386,0.5000000000000001,487.0,521.0,587.0,494.0,410.0,531.6666666666666,519.1666666666666,486.5
2015,3,471.0,2015-03-01,122,3,1.0,6.123233995736766e-17,430.0,487.0,521.0,507.0,421.0,479.3333333333333,508.5,488.1666666666667
2015,4,403.0,2015-04-01,123,4,0.8660254037844387,-0.4999999999999998,471.0,430.0,487.0,519.0,456.0,462.6666666666667,502.5,492.3333333333333
2015,5,500.0,2015-05-01,124,5,0.49999999999999994,-0.8660254037844387,403.0,471.0,430.0,587.0,470.0,434.6666666666667,483.1666666666667,487.9166666666667
2015,6,478.0,2015-06-01,125,6,1.2246467991473532e-16,-1.0,500.0,403.0,471.0,521.0,480.0,458.0,468.6666666666667,490.4166666666667
2015,7,488.0,2015-07-01,126,7,-0.4999999999999997,-0.8660254037844388,478.0,500.0,403.0,487.0,486.0,460.3333333333333,461.5,490.25
2015,8,484.0,2015-08-01,127,8,-0.8660254037844384,-0.5000000000000004,488.0,478.0,500.0,430.0,494.0,488.6666666666667,461.6666666666667,490.4166666666667
2015,9,518.0,2015-09-01,128,9,-1.0,-1.8369701987210297e-16,484.0,488.0,478.0,471.0,507.0,483.3333333333333,470.6666666666667,489.5833333333333
2015,10,510.0,2015-10-01,129,10,-0.8660254037844386,0.5000000000000001,518.0,484.0,488.0,403.0,519.0,496.6666666666667,478.5,490.5
2015,11,515.0,2015-11-01,130,11,-0.5000000000000004,0.8660254037844384,510.0,518.0,484.0,500.0,587.0,504.0,496.3333333333333,489.75
2015,12,547.0,2015-12-01,131,12,-2.4492935982947064e-16,1.0,515.0,510.0,518.0,478.0,521.0,514.3333333333334,498.8333333333333,483.75
2016,1,530.0,2016-01-01,132,1,0.49999999999999994,0.8660254037844387,547.0,515.0,510.0,488.0,487.0,524.0,510.3333333333333,485.9166666666667
2016,2,466.0,2016-02-01,133,2,0.8660254037844386,0.5000000000000001,530.0,547.0,515.0,484.0,430.0,530.6666666666666,517.3333333333334,489.5
2016,3,431.0,2016-03-01,134,3,1.0,6.123233995736766e-17,466.0,530.0,547.0,518.0,471.0,514.3333333333334,514.3333333333334,492.5
2016,4,410.0,2016-04-01,135,4,0.8660254037844387,-0.4999999999999998,431.0,466.0,530.0,510.0,403.0,475.6666666666667,499.8333333333333,489.1666666666667
2016,5,480.0,2016-05-01,136,5,0.49999999999999994,-0.8660254037844387,410.0,431.0,466.0,515.0,500.0,435.6666666666667,483.1666666666667,489.75
2016,6,487.0,2016-06-01,137,6,1.2246467991473532e-16,-1.0,480.0,410.0,431.0,547.0,478.0,440.3333333333333,477.3333333333333,488.0833333333333
2016,7,540.0,2016-07-01,138,7,-0.4999999999999997,-0.8660254037844388,487.0,480.0,410.0,530.0,488.0,459.0,467.3333333333333,488.8333333333333
2016,8,472.0,2016-08-01,139,8,-0.8660254037844384,-0.5000000000000004,540.0,487.0,480.0,466.0,484.0,502.3333333333333,469.0,493.1666666666667
2016,9,544.0,2016-09-01,140,9,-1.0,-1.8369701987210297e-16,472.0,540.0,487.0,431.0,518.0,499.6666666666667,470.0,492.1666666666667
2016,10,503.0,2016-10-01,141,10,-0.8660254037844386,0.5000000000000001,544.0,472.0,540.0,410.0,510.0,518.6666666666666,488.8333333333333,494.3333333333333
2016,11,502.0,2016-11-01,142,11,-0.5000000000000004,0.8660254037844384,503.0,544.0,472.0,480.0,515.0,506.3333333333333,504.3333333333333,493.75
2016,12,526.0,2016-12-01,143,12,-2.4492935982947064e-16,1.0,502.0,503.0,544.0,487.0,547.0,516.3333333333334,508.0,492.6666666666667
2017,1,463.0,2017-01-01,144,1,0.49999999999999994,0.8660254037844387,526.0,502.0,503.0,540.0,530.0,510.3333333333333,514.5,490.9166666666667
2017,2,419.0,2017-02-01,145,2,0.8660254037844386,0.5000000000000001,463.0,526.0,502.0,472.0,466.0,497.0,501.6666666666667,485.3333333333333
2017,3,529.0,2017-03-01,146,3,1.0,6.123233995736766e-17,419.0,463.0,526.0,544.0,431.0,469.3333333333333,492.8333333333333,481.4166666666667
2017,4,393.0,2017-04-01,147,4,0.8660254037844387,-0.4999999999999998,529.0,419.0,463.0,503.0,410.0,470.3333333333333,490.3333333333333,489.5833333333333
2017,5,530.0,2017-05-01,148,5,0.49999999999999994,-0.8660254037844387,393.0,529.0,419.0,502.0,480.0,447.0,472.0,488.1666666666667
2017,6,496.0,2017-06-01,149,6,1.2246467991473532e-16,-1.0,530.0,393.0,529.0,526.0,487.0,484.0,476.6666666666667,492.3333333333333
2017,7,496.0,2017-07-01,150,7,-0.4999999999999997,-0.8660254037844388,496.0,530.0,393.0,463.0,540.0,473.0,471.6666666666667,493.0833333333333
2017,8,485.0,2017-08-01,151,8,-0.8660254037844384,-0.5000000000000004,496.0,496.0,530.0,419.0,472.0,507.3333333333333,477.1666666666667,489.4166666666667
2017,9,556.0,2017-09-01,152,9,-1.0,-1.8369701987210297e-16,485.0,496.0,496.0,529.0,544.0,492.3333333333333,488.1666666666667,490.5
2017,10,519.0,2017-10-01,153,10,-0.8660254037844386,0.5000000000000001,556.0,485.0,496.0,393.0,503.0,512.3333333333334,492.6666666666667,491.5
2017,11,610.0,2017-11-01,154,11,-0.5000000000000004,0.8660254037844384,519.0,556.0,485.0,530.0,502.0,520.0,513.6666666666666,492.8333333333333
2017,12,558.0,2017-12-01,155,12,-2.4492935982947064e-16,1.0,610.0,519.0,556.0,496.0,526.0,561.6666666666666,527.0,501.8333333333333
2018,1,472.0,2018-01-01,156,1,0.49999999999999994,0.8660254037844387,558.0,610.0,519.0,496.0,463.0,562.3333333333334,537.3333333333334,504.5
2018,2,446.0,2018-02-01,157,2,0.8660254037844386,0.5000000000000001,472.0,558.0,610.0,485.0,419.0,546.6666666666666,533.3333333333334,505.25
2018,3,441.0,2018-03-01,158,3,1.0,6.123233995736766e-17,446.0,472.0,558.0,556.0,529.0,492.0,526.8333333333334,507.5
2018,4,461.0,2018-04-01,159,4,0.8660254037844387,-0.4999999999999998,441.0,446.0,472.0,519.0,393.0,453.0,507.6666666666667,500.1666666666667
2018,5,537.0,2018-05-01,160,5,0.49999999999999994,-0.8660254037844387,461.0,441.0,446.0,610.0,530.0,449.3333333333333,498.0,505.8333333333333
2018,6,536.0,2018-06-01,161,6,1.2246467991473532e-16,-1.0,537.0,461.0,441.0,558.0,496.0,479.6666666666667,485.8333333333333,506.4166666666667
2018,7,548.0,2018-07-01,162,7,-0.4999999999999997,-0.8660254037844388,536.0,537.0,461.0,472.0,496.0,511.3333333333333,482.1666666666667,509.75
2018,8,485.0,2018-08-01,163,8,-0.8660254037844384,-0.5000000000000004,548.0,536.0,537.0,446.0,485.0,540.3333333333334,494.8333333333333,514.0833333333334
2018,9,518.0,2018-09-01,164,9,-1.0,-1.8369701987210297e-16,485.0,548.0,536.0,441.0,556.0,523.0,501.3333333333333,514.0833333333334
2018,10,553.0,2018-10-01,165,10,-0.8660254037844386,0.5000000000000001,518.0,485.0,548.0,461.0,519.0,517.0,514.1666666666666,510.9166666666667
2018,11,560.0,2018-11-01,166,11,-0.5000000000000004,0.8660254037844384,553.0,518.0,485.0,537.0,610.0,518.6666666666666,529.5,513.75
2018,12,549.0,2018-12-01,167,12,-2.4492935982947064e-16,1.0,560.0,553.0,518.0,536.0,558.0,543.6666666666666,533.3333333333334,509.5833333333333
2019,1,503.0,2019-01-01,168,1,0.49999999999999994,0.8660254037844387,549.0,560.0,553.0,548.0,472.0,554.0,535.5,508.8333333333333
2019,2,399.0,2019-02-01,169,2,0.8660254037844386,0.5000000000000001,503.0,549.0,560.0,485.0,446.0,537.3333333333334,528.0,511.4166666666667
2019,3,492.0,2019-03-01,170,3,1.0,6.123233995736766e-17,399.0,503.0,549.0,518.0,441.0,483.6666666666667,513.6666666666666,507.5
2019,4,400.0,2019-04-01,171,4,0.8660254037844387,-0.4999999999999998,492.0,399.0,503.0,553.0,461.0,464.6666666666667,509.3333333333333,511.75
2019,5,476.0,2019-05-01,172,5,0.49999999999999994,-0.8660254037844387,400.0,492.0,399.0,560.0,537.0,430.3333333333333,483.8333333333333,506.6666666666667
2019,6,477.0,2019-06-01,173,6,1.2246467991473532e-16,-1.0,476.0,400.0,492.0,549.0,536.0,456.0,469.8333333333333,501.5833333333333
2019,7,512.0,2019-07-01,174,7,-0.4999999999999997,-0.8660254037844388,477.0,476.0,400.0,503.0,548.0,451.0,457.8333333333333,496.6666666666667
2019,8,487.0,2019-08-01,175,8,-0.8660254037844384,-0.5000000000000004,512.0,477.0,476.0,399.0,485.0,488.3333333333333,459.3333333333333,493.6666666666667
2019,9,551.0,2019-09-01,176,9,-1.0,-1.8369701987210297e-16,487.0,512.0,477.0,492.0,518.0,492.0,474.0,493.8333333333333
2019,10,519.0,2019-10-01,177,10,-0.8660254037844386,0.5000000000000001,551.0,487.0,512.0,400.0,553.0,516.6666666666666,483.8333333333333,496.5833333333333
2019,11,546.0,2019-11-01,178,11,-0.5000000000000004,0.8660254037844384,519.0,551.0,487.0,476.0,560.0,519.0,503.6666666666667,493.75
2019,12,465.0,2019-12-01,179,12,-2.4492935982947064e-16,1.0,546.0,519.0,551.0,477.0,549.0,538.6666666666666,515.3333333333334,492.5833333333333
2020,1,500.0,2020-01-01,180,1,0.49999999999999994,0.8660254037844387,465.0,546.0,519.0,512.0,503.0,510.0,513.3333333333334,485.5833333333333
2020,2,449.0,2020-02-01,181,2,0.8660254037844386,0.5000000000000001,500.0,465.0,546.0,487.0,399.0,503.6666666666667,511.3333333333333,485.3333333333333
2020,3,279.0,2020-03-01,182,3,1.0,6.123233995736766e-17,449.0,500.0,465.0,551.0,492.0,471.3333333333333,505.0,489.5
2020,4,139.0,2020-04-01,183,4,0.8660254037844387,-0.4999999999999998,279.0,449.0,500.0,519.0,400.0,409.3333333333333,459.6666666666667,471.75
2020,5,233.0,2020-05-01,184,5,0.49999999999999994,-0.8660254037844387,139.0,279.0,449.0,546.0,476.0,289.0,396.3333333333333,450.0
2020,6,298.0,2020-06-01,185,6,1.2246467991473532e-16,-1.0,233.0,139.0,279.0,465.0,477.0,217.0,344.1666666666667,429.75
2020,7,403.0,2020-07-01,186,7,-0.4999999999999997,-0.8660254037844388,298.0,233.0,139.0,500.0,512.0,223.33333333333334,316.3333333333333,414.8333333333333
2020,8,417.0,2020-08-01,187,8,-0.8660254037844384,-0.5000000000000004,403.0,298.0,233.0,449.0,487.0,311.3333333333333,300.1666666666667,405.75
2020,9,430.0,2020-09-01,188,9,-1.0,-1.8369701987210297e-16,417.0,403.0,298.0,279.0,551.0,372.6666666666667,294.8333333333333,399.9166666666667
2020,10,395.0,2020-10-01,189,10,-0.8660254037844386,0.5000000000000001,430.0,417.0,403.0,139.0,519.0,416.6666666666667,320.0,389.8333333333333
2020,11,394.0,2020-11-01,190,11,-0.5000000000000004,0.8660254037844384,395.0,430.0,417.0,233.0,546.0,414.0,362.6666666666667,379.5
2020,12,492.0,2020-12-01,191,12,-2.4492935982947064e-16,1.0,394.0,395.0,430.0,298.0,465.0,406.3333333333333,389.5,366.8333333333333
2021,1,226.0,2021-01-01,192,1,0.49999999999999994,0.8660254037844387,492.0,394.0,395.0,403.0,500.0,427.0,421.8333333333333,369.0833333333333
2021,2,244.0,2021-02-01,193,2,0.8660254037844386,0.5000000000000001,226.0,492.0,394.0,417.0,449.0,370.6666666666667,392.3333333333333,346.25
2021,3,302.0,2021-03-01,194,3,1.0,6.123233995736766e-17,244.0,226.0,492.0,430.0,279.0,320.6666666666667,363.5,329.1666666666667
2021,4,361.0,2021-04-01,195,4,0.8660254037844387,-0.4999999999999998,302.0,244.0,226.0,395.0,139.0,257.3333333333333,342.1666666666667,331.0833333333333
2021,5,414.0,2021-05-01,196,5,0.49999999999999994,-0.8660254037844387,361.0,302.0,244.0,394.0,233.0,302.3333333333333,336.5,349.5833333333333
2021,6,452.0,2021-06-01,197,6,1.2246467991473532e-16,-1.0,414.0,361.0,302.0,492.0,298.0,359.0,339.8333333333333,364.6666666666667
2021,7,489.0,2021-07-01,198,7,-0.4999999999999997,-0.8660254037844388,452.0,414.0,361.0,226.0,403.0,409.0,333.1666666666667,377.5
2021,8,442.0,2021-08-01,199,8,-0.8660254037844384,-0.5000000000000004,489.0,452.0,414.0,244.0,417.0,451.6666666666667,377.0,384.6666666666667
2021,9,518.0,2021-09-01,200,9,-1.0,-1.8369701987210297e-16,442.0,489.0,452.0,302.0,430.0,461.0,410.0,386.75
2021,10,516.0,2021-10-01,201,10,-0.8660254037844386,0.5000000000000001,518.0,442.0,489.0,361.0,395.0,483.0,446.0,394.0833333333333
2021,11,450.0,2021-11-01,202,11,-0.5000000000000004,0.8660254037844384,516.0,518.0,442.0,414.0,394.0,492.0,471.8333333333333,404.1666666666667
2021,12,499.0,2021-12-01,203,12,-2.4492935982947064e-16,1.0,450.0,516.0,518.0,452.0,492.0,494.6666666666667,477.8333333333333,408.8333333333333
2022,1,400.0,2022-01-01,204,1,0.49999999999999994,0.8660254037844387,499.0,450.0,516.0,489.0,226.0,488.3333333333333,485.6666666666667,409.4166666666667
2022,2,422.0,2022-02-01,205,2,0.8660254037844386,0.5000000000000001,400.0,499.0,450.0,442.0,244.0,449.6666666666667,470.8333333333333,423.9166666666667
2022,3,484.0,2022-03-01,206,3,1.0,6.123233995736766e-17,422.0,400.0,499.0,518.0,302.0,440.3333333333333,467.5,438.75
2022,4,438.0,2022-04-01,207,4,0.8660254037844387,-0.4999999999999998,484.0,422.0,400.0,516.0,361.0,435.3333333333333,461.8333333333333,453.9166666666667
2022,5,503.0,2022-05-01,208,5,0.49999999999999994,-0.8660254037844387,438.0,484.0,422.0,450.0,414.0,448.0,448.8333333333333,460.3333333333333
2022,6,470.0,2022-06-01,209,6,1.2246467991473532e-16,-1.0,503.0,438.0,484.0,499.0,452.0,475.0,457.6666666666667,467.75
2022,7,472.0,2022-07-01,210,7,-0.4999999999999997,-0.8660254037844388,470.0,503.0,438.0,400.0,489.0,470.3333333333333,452.8333333333333,469.25
2022,8,512.0,2022-08-01,211,8,-0.8660254037844384,-0.5000000000000004,472.0,470.0,503.0,422.0,442.0,481.6666666666667,464.8333333333333,467.8333333333333
2022,9,506.0,2022-09-01,212,9,-1.0,-1.8369701987210297e-16,512.0,472.0,470.0,484.0,518.0,484.6666666666667,479.8333333333333,473.6666666666667
2022,10,523.0,2022-10-01,213,10,-0.8660254037844386,0.5000000000000001,506.0,512.0,472.0,438.0,516.0,496.6666666666667,483.5,472.6666666666667
2022,11,553.0,2022-11-01,214,11,-0.5000000000000004,0.8660254037844384,523.0,506.0,512.0,503.0,450.0,513.6666666666666,497.6666666666667,473.25
2022,12,432.0,2022-12-01,215,12,-2.4492935982947064e-16,1.0,553.0,523.0,506.0,470.0,499.0,527.3333333333334,506.0,481.8333333333333
2023,1,435.0,2023-01-01,216,1,0.49999999999999994,0.8660254037844387,432.0,553.0,523.0,472.0,400.0,502.6666666666667,499.6666666666667,476.25
2023,2,384.0,2023-02-01,217,2,0.8660254037844386,0.5000000000000001,435.0,432.0,553.0,512.0,422.0,473.3333333333333,493.5,479.1666666666667
2023,3,454.0,2023-03-01,218,3,1.0,6.123233995736766e-17,384.0,435.0,432.0,506.0,484.0,417.0,472.1666666666667,476.0
2023,4,415.0,2023-04-01,219,4,0.8660254037844387,-0.4999999999999998,454.0,384.0,435.0,523.0,438.0,424.3333333333333,463.5,473.5
2023,5,518.0,2023-05-01,220,5,0.49999999999999994,-0.8660254037844387,415.0,454.0,384.0,553.0,503.0,417.6666666666667,445.5,471.5833333333333
2023,6,478.0,2023-06-01,221,6,1.2246467991473532e-16,-1.0,518.0,415.0,454.0,432.0,470.0,462.3333333333333,439.6666666666667,472.8333333333333
2023,7,472.0,2023-07-01,222,7,-0.4999999999999997,-0.8660254037844388,478.0,518.0,415.0,435.0,472.0,470.3333333333333,447.3333333333333,473.5
2023,8,467.0,2023-08-01,223,8,-0.8660254037844384,-0.5000000000000004,472.0,478.0,518.0,384.0,512.0,489.3333333333333,453.5,473.5
2023,9,479.0,2023-09-01,224,9,-1.0,-1.8369701987210297e-16,467.0,472.0,478.0,454.0,506.0,472.3333333333333,467.3333333333333,469.75
2023,10,482.0,2023-10-01,225,10,-0.8660254037844386,0.5000000000000001,479.0,467.0,472.0,415.0,523.0,472.6666666666667,471.5,467.5
2023,11,479.0,2023-11-01,226,11,-0.5000000000000004,0.8660254037844384,482.0,479.0,467.0,518.0,553.0,476.0,482.6666666666667,464.0833333333333
2023,12,463.0,2023-12-01,227,12,-2.4492935982947064e-16,1.0,479.0,482.0,479.0,478.0,432.0,480.0,476.1666666666667,457.9166666666667
